id,first_name,last_name,email,gender,ip_address
1,Janice,Rogers,jrogers0@about.com,Female,56.56.163.154
2,James,Bell,jbell1@cnbc.com,Male,222.88.7.21
3,Douglas,Chavez,dchavez2@blog.com,Male,122.56.197.172
4,Evelyn,Ortiz,eortiz3@phoca.cz,Female,75.77.246.212
5,Adam,Alexander,aalexander4@who.int,Male,24.6.109.183
6,Donna,Elliott,delliott5@youtu.be,Female,220.235.239.80
7,Janet,Martin,jmartin6@slate.com,Female,161.17.22.36
8,Jerry,Austin,jaustin7@army.mil,Male,27.67.212.161
9,Bonnie,Turner,bturner8@sakura.ne.jp,Female,194.223.197.30
10,Phillip,Oliver,poliver9@sakura.ne.jp,Male,109.77.248.26
